Scenario,Mode,r_min/d_safe (Thesis),r_min/d_safe (Akdağ),Peak Turn % (Thesis),Peak Turn % (Akdağ),Risk SF (Thesis),Risk SF (Akdağ)
CASE01,RA,2.41 (2.41m),1.08 (322.9m),64.7% (58.2°/s),71.0% (2.13°/s),0.405,0.802
CASE01,IS,2.18 (2.18m),1.02 (305.8m),62.2% (56.0°/s),79.6% (2.39°/s),0.472,0.884
CASE02,RA,1.13 (1.13m),1.15 (345.5m),67.4% (60.7°/s),68.9% (2.07°/s),0.842,0.735
CASE02,IS,2.47 (2.47m),0.99 (297.9m),40.8% (36.7°/s),27.0% (0.81°/s),0.379,0.696
CASE03,RA,1.00 (1.00m),2.11 (634.2m),66.9% (60.2°/s),67.1% (2.01°/s),0.953,0.319
CASE03,IS,1.00 (1.00m),1.07 (322.2m),4.1% (3.7°/s),41.1% (1.23°/s),0.582,0.685
CASE04,RA,2.78 (2.78m),2.18 (653.9m),47.2% (42.5°/s),59.1% (1.77°/s),0.400,0.276
CASE04,IS,2.10 (2.10m),4.26 (1279.3m),39.5% (35.6°/s),51.4% (1.54°/s),0.470,0.206
CASE05,RA,0.47 (0.47m),0.62 (185.6m),84.8% (76.3°/s),74.4% (2.23°/s),1.150,1.150
CASE05,IS,1.93 (1.93m),1.13 (337.9m),68.7% (61.8°/s),41.8% (1.25°/s),0.513,0.646
CASE06,RA,1.20 (1.20m),0.00 (0.5m),38.9% (35.0°/s),49.3% (1.48°/s),0.786,1.150
CASE06,IS,1.19 (1.19m),1.15 (345.6m),34.9% (31.4°/s),47.3% (1.42°/s),0.792,0.649
CASE07,RA,1.70 (1.70m),-,45.7% (41.1°/s),-,0.527,-
CASE07,IS,1.64 (1.64m),-,53.9% (48.5°/s),-,0.562,-
